0,Product Name,6951,Unit Price,YES,0,0,0
1,"1.7 Cubic Foot Compact ""Cube"" Office Refrigerators",3296,208.16,YES,1,1,1
2,R380,1294,195.99,YES,2,2,2
3,Holmes HEPA Air Purifier,9032,21.78,YES,1,1,3
4,G.E. Longer-Life Indoor Recessed Floodlight Bulbs,4117,6.64,YES,3,3,4
5,Xerox 198,5848,4.98,YES,1,4,2
6,Xerox 1980,2326,4.28,YES,1,4,2
7,Advantus Map Pennant Flags and Round Head Tacks,5726,3.95,YES,1,5,5
8,"Wilson Jones 1"" Hanging DublLock� Ring Binders",3592,5.28,YES,1,6,2
9,Ultra Commercial Grade Dual Valve Door Closer,6525,39.89,YES,3,3,5
10,"#10-4 1/8"" x 9 1/2"" Premium Diagonal Seam Envelopes",8036,15.74,YES,1,7,2
11,Hon 4-Shelf Metal Bookcases,3207,100.98,YES,3,8,6
12,g520,9523,65.99,YES,2,2,2
13,LX 788,1571,155.99,YES,2,2,2
14,Avery 52,1741,3.69,YES,1,9,2
15,Plymouth Boxed Rubber Bands by Plymouth,9173,4.71,YES,1,5,5
16,Newell 335,1834,2.88,YES,1,10,5
17,SANFORD Liquid Accent� Tank-Style Highlighters,3939,2.84,YES,1,10,5
18,Canon PC940 Copier,8286,449.99,YES,2,11,1
19,Col-Erase� Pencils with Erasers,3077,6.08,YES,1,10,5
20,Self-Adhesive Address Labels for Typewriters by Universal,301,7.31,YES,1,9,2
21,Accessory37,3614,20.99,YES,2,2,5
22,Fuji 5.2GB DVD-RAM,5727,40.96,YES,2,12,4
23,Bevis Steel Folding Chairs,4149,95.95,YES,3,13,1
24,Avery Binder Labels,9181,3.89,YES,1,6,2
25,Hon Every-Day� Chair Series Swivel Task Chairs,3895,120.98,YES,3,13,1
26,Global Troy� Executive Leather Low-Back Tilter,7835,500.98,YES,3,13,1
27,XtraLife� ClearVue� Slant-D� Ring Binders by Cardinal,7236,7.84,YES,1,6,2
28,Computer Printout Paper with Letter-Trim Perforations,4756,18.97,YES,1,4,2
29,6160,2784,115.99,YES,2,2,2
30,Avery 49,5027,2.88,YES,1,9,2
31,Hoover Portapower� Portable Vacuum,5387,4.48,YES,1,1,7
32,Timeport L7089,439,125.99,YES,2,2,2
33,Avery 510,7179,3.75,YES,1,9,2
34,Xerox 1881,10183,12.28,YES,1,4,2
35,Unpadded Memo Slips,9165,3.98,YES,1,4,5
36,Bell Sonecor JB700 Caller ID,8056,7.99,YES,2,2,3
37,Avery Arch Ring Binders,2829,58.1,YES,1,6,2
38,APC 7 Outlet Network SurgeArrest Surge Protector,1255,80.48,YES,1,1,2
39,Accessory4,5704,85.99,YES,2,2,5
40,Personal Creations� Ink Jet Cards and Labels,4617,11.48,YES,1,4,2
41,Xerox 1966,2720,6.48,YES,1,4,2
42,Xerox 213,2108,6.48,YES,1,4,2
43,Hammermill CopyPlus Copy Paper (20Lb. and 84 Bright),8326,4.98,YES,1,4,2
44,Crate-A-Files�,9972,10.9,YES,1,14,2
45,12-1/2 Diameter Round Wall Clock,813,19.98,YES,3,3,2
46,SAFCO Arco Folding Chair,9340,276.2,YES,3,13,7
47,3M Office Air Cleaner,7845,25.98,YES,1,1,3
48,Xerox 1936,7728,19.98,YES,1,4,2
49,Xerox 214,1221,6.48,YES,1,4,2
50,Carina Double Wide Media Storage Towers in Natural & Black,8566,80.98,YES,1,14,7
51,Staples� General Use 3-Ring Binders,2108,1.88,YES,1,6,2
52,Xerox 1904,4787,6.48,YES,1,4,2
53,Luxo Professional Combination Clamp-On Lamps,6422,102.3,YES,3,3,7
54,Xerox 217,5737,6.48,YES,1,4,2
55,Revere Boxed Rubber Bands by Revere,3571,1.89,YES,1,5,5
56,Hon 4070 Series Pagoda� Round Back Stacking Chairs,7589,320.98,YES,3,13,1
57,Xerox 1887,7442,18.97,YES,1,4,2
58,Xerox 1891,10044,48.91,YES,1,4,2
59,Avery 506,623,4.13,YES,1,9,2
60,Microsoft Natural Multimedia Keyboard,8672,50.98,YES,2,12,2
61,Bevis Boat-Shaped Conference Table,5357,262.11,YES,3,15,6
62,"Linden� 12"" Wall Clock With Oak Frame",1572,33.98,YES,3,3,2
63,Newell 326,799,1.76,YES,1,10,5
64,Prismacolor Color Pencil Set,1757,19.84,YES,1,10,5
65,Xerox Blank Computer Paper,3242,19.98,YES,1,4,2
66,600 Series Flip,3178,95.99,YES,2,2,2
67,Fellowes Recycled Storage Drawers,2801,111.03,YES,1,14,2
68,Satellite Sectional Post Binders,1562,43.41,YES,1,6,2
69,Deflect-o DuraMat Antistatic Studded Beveled Mat for Medium Pile Carpeting,2757,105.34,YES,3,3,7
70,Avery 487,1804,3.69,YES,1,9,2
71,Bevis Round Conference Table Top & Single Column Base,9115,146.34,YES,3,15,6
72,Hanging Personal Folder File,2582,15.7,YES,1,14,2
73,5125,2567,200.99,YES,2,2,2
74,Electrix Halogen Magnifier Lamp,8629,194.3,YES,3,3,7
75,Canon BP1200DH 12-Digit Bubble Jet Printing Calculator,7643,120.97,YES,2,16,3
76,Fellowes Black Plastic Comb Bindings,1813,5.81,YES,1,6,2
77,Polycom ViewStation� Adapter H323 Videoconferencing Unit,7564,1938.02,YES,2,16,3
78,Hon GuestStacker Chair,4072,226.67,YES,3,13,1
79,Eldon� Wave Desk Accessories,8757,2.08,YES,3,3,2
80,Sharp AL-1530CS Digital Copier,4807,499.99,YES,2,11,7
81,Newell 323,9887,1.68,YES,1,10,5
82,Global Enterprise Series Seating High-Back Swivel/Tilt Chairs,9686,270.98,YES,3,13,1
83,Spiral Phone Message Books with Labels by Adams,3172,4.48,YES,1,4,5
84,Holmes 99% HEPA Air Purifier,4548,21.66,YES,1,1,3
85,Xerox 224,3227,6.48,YES,1,4,2
86,Xerox 1906,323,35.44,YES,1,4,2
87,Xerox 188,3937,11.34,YES,1,4,2
88,Xerox 1932,1496,35.44,YES,1,4,2
89,GBC Linen Binding Covers,6481,30.98,YES,1,6,2
90,GBC Recycled Grain Textured Covers,1592,34.54,YES,1,6,2
91,Kensington 7 Outlet MasterPiece Power Center with Fax/Phone Line Protection,222,207.48,YES,1,1,2
92,O'Sullivan 3-Shelf Heavy-Duty Bookcases,3347,58.14,YES,3,8,6
93,Panasonic KX-P1150 Dot Matrix Printer,1444,145.45,YES,2,16,1
94,Newell 327,7012,2.21,YES,1,10,5
95,Xerox 1893,9564,40.99,YES,1,4,2
96,Eldon Radial Chair Mat for Low to Medium Pile Carpets,1402,39.98,YES,3,3,5
97,O'Sullivan 2-Shelf Heavy-Duty Bookcases,1332,48.58,YES,3,8,6
98,Aluminum Document Frame,6895,12.22,YES,3,3,4
99,Accessory36,7185,55.99,YES,2,2,4
100,Xerox 20,7524,6.48,YES,1,4,2
101,Surelock� Post Binders,6785,30.56,YES,1,6,2
102,Colorific� Watercolor Pencils,6258,5.16,YES,1,10,5
103,Hon 4700 Series Mobuis� Mid-Back Task Chairs with Adjustable Arms,5074,355.98,YES,3,13,1
104,BoxOffice By Design Rectangular and Half-Moon Meeting Room Tables,10113,218.75,YES,3,15,6
105,Eldon Econocleat� Chair Mats for Low Pile Carpets,9404,41.47,YES,3,3,5
106,Prang Drawing Pencil Set,9668,2.78,YES,1,10,5
107,T39m,2503,155.99,YES,2,2,2
108,Xerox 1982,7962,22.84,YES,1,4,2
109,Xerox 1924,8013,5.78,YES,1,4,2
110,Turquoise Lead Holder with Pocket Clip,1955,6.7,YES,1,10,5
111,Okidata ML395C Color Dot Matrix Printer,9987,1360.14,YES,2,16,1
112,Microsoft Internet Keyboard,3744,20.97,YES,2,12,2
113,Global Ergonomic Managers Chair,1445,180.98,YES,3,13,1
114,Xerox 1971,5728,4.28,YES,1,4,2
115,Eldon Portable Mobile Manager,9072,28.28,YES,1,14,3
116,Accessory6,5868,55.99,YES,2,2,4
117,Durable Pressboard Binders,8433,3.8,YES,1,6,2
118,Fellowes 17-key keypad for PS/2 interface,6493,30.73,YES,2,12,2
119,StarTAC ST7762,8613,125.99,YES,2,2,2
120,Accessory21,3071,20.99,YES,2,2,5
121,Fellowes PB500 Electric Punch Plastic Comb Binding Machine with Manual Bind,9490,1270.99,YES,1,6,2
122,Staples 6 Outlet Surge,1642,11.97,YES,1,1,2
123,Recycled Eldon Regeneration Jumbo File,5252,12.28,YES,1,14,2
124,Verbatim DVD-R 4.7GB authoring disc,1192,39.24,YES,2,12,4
125,Canon P1-DHIII Palm Printing Calculator,1641,17.98,YES,2,16,3
126,GBC Binding covers,6306,12.95,YES,1,6,2
127,"Speediset Carbonless Redi-Letter� 7"" x 8 1/2""",1566,10.31,YES,1,4,5
128,GBC Recycled Regency Composition Covers,5527,59.78,YES,1,6,2
129,Accessory29,9351,20.99,YES,2,2,4
130,SANFORD Major Accent� Highlighters,6734,7.08,YES,1,10,5
131,Polycom ViaVideo� Desktop Video Communications Unit,419,574.74,YES,2,16,7
132,Accessory24,976,55.99,YES,2,2,4
133,"Howard Miller 13-3/4"" Diameter Brushed Chrome Round Wall Clock",7203,51.75,YES,3,3,2
134,Recycled Steel Personal File for Standard File Folders,1149,55.29,YES,1,14,2
135,Accessory39,8268,20.99,YES,2,2,4
136,"#10- 4 1/8"" x 9 1/2"" Security-Tint Envelopes",3520,7.64,YES,1,7,2
137,GBC Standard Plastic Binding Systems Combs,5140,8.85,YES,1,6,2
138,Xerox 1930,3706,6.48,YES,1,4,2
139,Avery 474,5319,2.88,YES,1,9,2
140,Hewlett-Packard Deskjet 6122 Color Inkjet Printer,4004,200.97,YES,2,16,1
141,TDK 4.7GB DVD+RW,8087,14.48,YES,2,12,4
142,U.S. Robotics 56K Internet Call Modem,5962,99.99,YES,2,12,2
143,Xerox 190,3450,4.98,YES,1,4,2
144,Standard Line� �While You Were Out� Hardbound Telephone Message Book,4562,21.98,YES,1,4,5
145,CF 888,1720,195.99,YES,2,2,2
146,Dana Halogen Swing-Arm Architect Lamp,6970,40.97,YES,3,3,7
147,Lexmark Z25 Color Inkjet Printer,1621,80.97,YES,2,16,1
148,Hon Multipurpose Stacking Arm Chairs,5638,216.6,YES,3,13,1
149,Hon Olson Stacker Stools,8217,140.81,YES,3,13,7
150,"Executive Impressions 14"" Two-Color Numerals Wall Clock",3885,22.72,YES,3,3,4
151,Epson DFX5000+ Dot Matrix Printer,3008,1500.97,YES,2,16,1
152,GBC Standard Therm-A-Bind Covers,5327,24.92,YES,1,6,2
153,Xerox 1892,8292,38.76,YES,1,4,2
154,Staples Paper Clips,4318,2.47,YES,1,5,5
155,Bush Mission Pointe Library,8407,150.98,YES,3,8,6
156,Xerox 1929,5362,22.84,YES,1,4,2
157,Home/Office Personal File Carts,1275,34.76,YES,1,14,2
158,Avery 507,3781,2.88,YES,1,9,2
159,i470,8386,205.99,YES,2,2,2
160,3M Organizer Strips,3436,5.4,YES,1,6,2
161,300 Series Non-Flip,7925,155.99,YES,2,2,2
162,"Executive Impressions 13"" Chairman Wall Clock",7058,25.38,YES,3,3,4
163,Micro Innovations 104 Keyboard,8934,10.97,YES,2,12,2
164,US Robotics 56K V.92 External Faxmodem,2082,99.99,YES,2,12,2
165,Fellowes Staxonsteel� Drawer Files,1807,193.17,YES,1,14,2
166,Telescoping Adjustable Floor Lamp,9316,19.99,YES,3,3,7
167,Canon MP41DH Printing Calculator,6624,150.98,YES,2,16,3
168,VTech VT20-2481 2.4GHz Two-Line Phone System w/Answering Machine,538,179.99,YES,2,2,3
169,Belkin 6 Outlet Metallic Surge Strip,7912,10.89,YES,1,1,2
170,Xerox 21,5908,6.48,YES,1,4,2
171,GBC DocuBind TL200 Manual Binding Machine,852,223.98,YES,1,6,2
172,Xerox 1940,4912,54.96,YES,1,4,2
173,Bagged Rubber Bands,1449,1.26,YES,1,5,5
174,Xerox 1897,4674,4.98,YES,1,4,2
175,Poly Designer Cover & Back,4818,18.99,YES,1,6,2
176,Bionaire Personal Warm Mist Humidifier/Vaporizer,3854,46.89,YES,1,1,3
177,Heavy-Duty E-Z-D� Binders,8033,10.91,YES,1,6,2
178,Deluxe Rollaway Locking File with Drawer,615,415.88,YES,1,14,2
179,252,9777,65.99,YES,2,2,2
180,Wilson Jones DublLock� D-Ring Binders,4763,6.75,YES,1,6,2
181,Binder Posts,4916,5.74,YES,1,6,2
182,Epson LQ-570e Dot Matrix Printer,6141,270.97,YES,2,16,1
183,Fellowes PB300 Plastic Comb Binding Machine,7578,387.99,YES,1,6,2
184,Rush Hierlooms Collection Rich Wood Bookcases,5631,160.98,YES,3,8,6
185,Avery 481,3621,3.08,YES,1,9,2
186,"Avery Trapezoid Extra Heavy Duty 4"" Binders",5476,41.94,YES,1,6,2
187,StarTAC Series,2783,65.99,YES,2,2,2
188,Global Comet� Stacking Armless Chair,2862,299.05,YES,3,13,1
189,Hon 4070 Series Pagoda� Armless Upholstered Stacking Chairs,3128,291.73,YES,3,13,1
190,Luxo Economy Swing Arm Lamp,2902,19.94,YES,3,3,7
191,Acco Perma� 2700 Stacking Storage Drawers,2264,29.74,YES,1,14,2
192,Fellowes Stor/Drawer� Steel Plus� Storage Drawers,1355,95.43,YES,1,14,2
193,Honeywell Enviracaire Portable HEPA Air Cleaner for 17' x 22' Room,5426,300.65,YES,1,1,7
194,Lock-Up Easel 'Spel-Binder',2240,28.53,YES,1,6,2
195,Assorted Color Push Pins,6146,1.81,YES,1,5,5
196,HP Office Paper (20Lb. and 87 Bright),1349,6.68,YES,1,4,2
197,Staples Vinyl Coated Paper Clips,7183,3.93,YES,1,5,5
198,Newell 310,2085,1.76,YES,1,10,5
199,Kensington 7 Outlet MasterPiece Power Center,3093,177.98,YES,1,1,2
200,8860,2815,65.99,YES,2,2,2
201,Array� Memo Cubes,739,5.18,YES,1,4,5
202,12 Colored Short Pencils,1433,2.6,YES,1,10,5
203,Pizazz� Global Quick File�,7909,14.97,YES,1,14,2
204,Imation 5.2GB DVD-RAM,2599,60.98,YES,2,12,4
205,Portable Personal File Box,3129,12.21,YES,1,14,2
206,Ibico Covers for Plastic or Wire Binding Elements,8567,11.5,YES,1,6,2
207,Tennsco Double-Tier Lockers,4017,225.02,YES,1,14,1
208,PC Concepts 116 Key Quantum 3000 Keyboard,3882,32.98,YES,2,12,2
209,Epson Stylus 1520 Color Inkjet Printer,9630,500.97,YES,2,16,1
210,Avery 494,4786,2.61,YES,1,9,2
211,Wilson Jones 14 Line Acrylic Coated Pressboard Data Binders,7691,5.34,YES,1,6,2
212,Eureka Disposable Bags for Sanitaire� Vibra Groomer I� Upright Vac,923,4.06,YES,1,1,2
213,AT&T 2230 Dual Handset Phone With Caller ID/Call Waiting,4323,99.99,YES,2,16,2
214,Cardinal Poly Pocket Divider Pockets for Ring Binders,3891,3.36,YES,1,6,2
215,Canon PC1060 Personal Laser Copier,8753,699.99,YES,2,11,7
216,Sterling Rubber Bands by Alliance,2009,4.71,YES,1,5,5
217,Newell 312,9806,5.84,YES,1,10,5
218,R280,3263,155.99,YES,2,2,2
219,Accessory9,8575,35.99,YES,2,2,4
220,Tennsco Industrial Shelving,6384,48.91,YES,1,14,7
221,Staples Bulldog Clip,6599,3.78,YES,1,5,5
222,Xerox 1882,3556,55.98,YES,1,4,2
223,Eldon Cleatmat� Chair Mats for Medium Pile Carpets,7438,55.5,YES,3,3,3
224,Xerox 4200 Series MultiUse Premium Copy Paper (20Lb. and 84 Bright),5040,5.28,YES,1,4,2
225,Hon 94000 Series Round Tables,3744,296.18,YES,3,15,6
226,Stockwell Push Pins,9800,2.18,YES,1,5,5
227,8260,9492,65.99,YES,2,2,2
228,3390,9470,65.99,YES,2,2,2
229,Bevis 36 x 72 Conference Tables,9121,124.49,YES,3,15,6
230,"Howard Miller 16"" Diameter Gallery Wall Clock",3831,63.94,YES,3,3,2
231,Boston 1730 StandUp Electric Pencil Sharpener,6909,21.38,YES,1,10,4
232,Accessory31,6370,35.99,YES,2,2,4
233,Accessory8,7643,85.99,YES,2,2,4
234,Fellowes Command Center 5-outlet power strip,7074,67.84,YES,1,1,2
235,Accessory12,4126,85.99,YES,2,2,2
236,GBC DocuBind TL300 Electric Binding System,3582,896.99,YES,1,6,2
237,TDK 4.7GB DVD-R,8239,10.01,YES,2,12,4
238,Xerox 1977,4965,6.68,YES,1,4,2
239,DAX Solid Wood Frames,2805,9.77,YES,3,3,3
240,Honeywell Enviracaire� Portable Air Cleaner for up to 8 x 10 Room,5145,76.72,YES,1,1,7
241,Belkin 8 Outlet SurgeMaster II Gold Surge Protector,1608,59.98,YES,1,1,2
242,Multimedia Mailers,9280,162.93,YES,1,7,2
243,Newell� 3-Hole Punched Plastic Slotted Magazine Holders for Binders,3445,4.57,YES,1,6,2
244,Laser & Ink Jet Business Envelopes,8755,10.67,YES,1,7,2
245,Okidata ML390 Turbo Dot Matrix Printers,5513,442.14,YES,2,16,1
246,2160i,1763,200.99,YES,2,2,2
247,Global Deluxe High-Back Office Chair in Storm,7054,135.99,YES,3,13,1
248,Canon MP100DHII Printing Calculator,1720,140.99,YES,2,16,3
249,Avery 51,3581,6.3,YES,1,9,2
250,Avery Poly Binder Pockets,4470,3.58,YES,1,6,2
251,Acco� Hot Clips� Clips to Go,1948,3.29,YES,1,5,5
252,Eldon Wave Desk Accessories,4024,5.89,YES,3,3,2
253,Avery 478,3498,4.91,YES,1,9,2
254,Boston 16701 Slimline Battery Pencil Sharpener,6934,15.94,YES,1,10,4
255,Euro Pro Shark Stick Mini Vacuum,6325,60.98,YES,1,1,7
256,Avery 498,7479,2.89,YES,1,9,2
257,Premium Transparent Presentation Covers by GBC,3910,20.98,YES,1,6,2
258,"Barricks 18"" x 48"" Non-Folding Utility Table with Bottom Storage Shelf",3138,100.8,YES,3,15,1
259,GBC VeloBinder Electric Binding Machine,9403,120.98,YES,1,6,2
260,Brown Kraft Recycled Envelopes,3397,16.98,YES,1,7,2
261,A1228,9040,195.99,YES,2,2,2
262,8290,4767,125.99,YES,2,2,2
263,Hewlett-Packard Deskjet 5550 Color Inkjet Printer,5296,115.99,YES,2,16,1
264,Fellowes Neat Ideas� Storage Cubes,6021,32.48,YES,1,14,7
265,Avery 492,7878,2.88,YES,1,9,2
266,Newell 343,1472,2.94,YES,1,10,5
267,Canon S750 Color Inkjet Printer,3313,120.97,YES,2,16,1
268,Panasonic KP-310 Heavy-Duty Electric Pencil Sharpener,7338,21.98,YES,1,10,4
269,Newell 318,9838,2.78,YES,1,10,5
270,Avery 491,5366,4.13,YES,1,9,2
271,T18,3940,110.99,YES,2,2,2
272,Sanyo 2.5 Cubic Foot Mid-Size Office Refrigerators,4862,279.81,YES,1,1,1
273,Honeywell Quietcare HEPA Air Cleaner,645,78.65,YES,1,1,3
274,Staples Colored Bar Computer Paper,3431,35.44,YES,1,4,2
275,Boston 16765 Mini Stand Up Battery Pencil Sharpener,4963,11.66,YES,1,10,4
276,Staples Battery-Operated Desktop Pencil Sharpener,7547,10.48,YES,1,10,4
277,Eldon� 200 Class� Desk Accessories,93,6.28,YES,3,3,2
278,Epson DFX-8500 Dot Matrix Printer,8645,2550.14,YES,2,16,1
279,Xerox 194,9770,55.48,YES,1,4,2
280,SouthWestern Bell FA970 Digital Answering Machine with Time/Day Stamp,2090,28.99,YES,2,2,3
281,Avery 493,2993,4.91,YES,1,9,2
282,"Bevis Round Bullnose 29"" High Table Top",7966,259.71,YES,3,15,6
283,Xerox 197,6181,30.98,YES,1,4,2
284,Xerox 1935,4477,26.38,YES,1,4,2
285,Peel & Stick Add-On Corner Pockets,2116,2.16,YES,1,6,2
286,Eureka The Boss� Cordless Rechargeable Stick Vac,2695,50.98,YES,1,1,2
287,Xerox 1905,2950,6.48,YES,1,4,2
288,Fellowes Bankers Box� Staxonsteel� Drawer File/Stacking System,946,64.98,YES,1,14,2
289,"Executive Impressions 13"" Clairmont Wall Clock",1008,19.23,YES,3,3,4
290,Staples SlimLine Pencil Sharpener,7217,11.97,YES,1,10,4
291,Presstex Flexible Ring Binders,9857,4.55,YES,1,6,2
292,Eldon Image Series Black Desk Accessories,5145,4.14,YES,3,3,2
293,Avery 485,5720,12.53,YES,1,9,2
294,Global Adaptabilities� Conference Tables,9605,280.98,YES,3,15,6
295,Xerox 1885,6232,48.04,YES,1,4,2
296,Avery 479,6962,2.61,YES,1,9,2
297,Eldon Pizzaz� Desk Accessories,4040,2.23,YES,3,3,4
298,Talkabout T8367,7746,65.99,YES,2,2,2
299,Logitech Access Keyboard,1310,15.98,YES,2,12,2
300,Newell 336,4428,4.28,YES,1,10,5
301,GBC DocuBind P100 Manual Binding Machine,8501,165.98,YES,1,6,2
302,Avery 497,9833,3.08,YES,1,9,2
303,SAFCO Folding Chair Trolley,2251,128.24,YES,3,13,3
304,Keytronic Designer 104- Key Black Keyboard,8258,40.48,YES,2,12,2
305,Avanti 4.4 Cu. Ft. Refrigerator,521,180.98,YES,1,1,1
306,Boston KS Multi-Size Manual Pencil Sharpener,7075,22.99,YES,1,10,4
307,Recycled Premium Regency Composition Covers,3500,15.28,YES,1,6,2
308,i1000,300,65.99,YES,2,2,2
309,Fellowes Super Stor/Drawer�,2041,27.75,YES,1,14,2
310,LX 677,9013,110.99,YES,2,2,2
311,Avery Hi-Liter� Fluorescent Desk Style Markers,7109,3.38,YES,1,10,5
312,"#10- 4 1/8"" x 9 1/2"" Recycled Envelopes",5669,8.74,YES,1,7,2
313,Acco Suede Grain Vinyl Round Ring Binder,3679,2.78,YES,1,6,2
314,Newell 342,7512,3.28,YES,1,10,5
315,Newell 337,896,3.28,YES,1,10,5
316,Eldon ClusterMat Chair Mat with Cordless Antistatic Protection,1464,90.98,YES,3,3,3
317,Xerox 1985,8690,6.48,YES,1,4,2
318,Zoom V.92 V.44 PCI Internal Controllerless FaxModem,798,39.99,YES,2,12,2
319,Xerox 1920,4162,5.98,YES,1,4,2
320,Xerox 1928,5368,5.28,YES,1,4,2
321,Xerox 1939,8780,18.97,YES,1,4,2
322,StarTAC 7760,2896,65.99,YES,2,2,2
323,Magna Visual Magnetic Picture Hangers,6410,4.82,YES,3,3,4
324,M3682,2979,125.99,YES,2,2,2
325,Xerox 1978,5580,5.78,YES,1,4,2
326,Hoover WindTunnel� Plus Canister Vacuum,8957,363.25,YES,1,1,2
327,Zoom V.92 USB External Faxmodem,9185,49.99,YES,2,12,2
328,Xerox 1992,1299,5.98,YES,1,4,2
329,TI 36X Solar Scientific Calculator,7557,23.99,YES,2,16,3
330,V 3600 Series,8266,65.99,YES,2,2,2
331,Bretford CR4500 Series Slim Rectangular Table,3701,348.21,YES,3,15,6
332,Hon 5100 Series Wood Tables,2673,290.98,YES,3,15,7
333,Belkin ErgoBoard� Keyboard,7917,30.98,YES,2,12,2
334,Riverleaf Stik-Withit� Designer Note Cubes�,5459,10.06,YES,1,4,5
335,Coloredge Poster Frame,3800,14.2,YES,3,3,5
336,Sharp 1540cs Digital Laser Copier,2971,549.99,YES,2,11,1
337,Wilson Jones Impact Binders,6038,5.18,YES,1,6,2
338,GBC DocuBind 200 Manual Binding Machine,8134,420.98,YES,1,6,2
339,Sanford Liquid Accent Highlighters,4179,6.68,YES,1,10,5
340,Holmes Harmony HEPA Air Purifier for 17 x 20 Room,5084,225.04,YES,1,1,3
341,Hon iLevel� Computer Training Table,9507,31.76,YES,3,15,6
342,3M Hangers With Command Adhesive,2647,3.7,YES,3,3,5
343,X-Rack� File for Hanging Folders,8884,11.29,YES,1,14,2
344,688,2194,195.99,YES,2,2,2
345,Ibico EB-19 Dual Function Manual Binding System,10013,172.99,YES,1,6,2
346,Southworth 25% Cotton Premium Laser Paper and Envelopes,4853,19.98,YES,1,4,2
347,Safco Contoured Stacking Chairs,1456,238.4,YES,3,13,7
348,Canon PC-428 Personal Copier,8607,199.99,YES,2,11,7
349,Staples Standard Envelopes,8935,5.68,YES,1,7,2
350,Lexmark Z55se Color Inkjet Printer,4863,90.97,YES,2,16,1
351,Binder Clips by OIC,8303,1.48,YES,1,5,5
352,Wausau Papers Astrobrights� Colored Envelopes,3361,5.98,YES,1,7,2
353,Canon imageCLASS 2200 Advanced Copier,3481,3499.99,YES,2,11,7
354,"Chromcraft Bull-Nose Wood 48"" x 96"" Rectangular Conference Tables",5871,550.98,YES,3,15,6
355,KF 788,5807,45.99,YES,2,2,2
356,2180,6148,175.99,YES,2,2,2
357,"Executive Impressions 14"" Contract Wall Clock",3643,22.23,YES,3,3,4
358,*Staples* Highlighting Markers,9415,4.84,YES,1,10,5
359,Boston 19500 Mighty Mite Electric Pencil Sharpener,2782,20.15,YES,1,10,4
360,Xerox 1995,1642,6.48,YES,1,4,2
361,Self-Adhesive Ring Binder Labels,8019,3.52,YES,1,6,2
362,Catalog Binders with Expanding Posts,2483,67.28,YES,1,6,2
363,*Staples* Packaging Labels,2830,2.89,YES,1,9,2
364,9-3/4 Diameter Round Wall Clock,4024,13.79,YES,3,3,2
365,Logitech Cordless Elite Duo,5547,100.98,YES,2,12,2
366,Xerox 220,4650,6.48,YES,1,4,2
367,Canon Image Class D660 Copier,7600,599.99,YES,2,11,7
368,Avery Legal 4-Ring Binder,8476,20.98,YES,1,6,2
369,Hoover� Commercial Lightweight Upright Vacuum,3750,3.48,YES,1,1,7
370,Colored Envelopes,7938,3.69,YES,1,7,2
371,Xerox 1953,5560,4.28,YES,1,4,2
372,DAX Natural Wood-Tone Poster Frame,936,26.48,YES,3,3,2
373,Office Star Flex Back Scooter Chair with White Frame,6738,110.98,YES,3,13,1
374,Xerox 1941,8939,104.85,YES,1,4,2
375,DAX Clear Channel Poster Frame,6129,14.58,YES,3,3,2
376,Tenex B1-RE Series Chair Mats for Low Pile Carpets,6086,45.98,YES,3,3,5
377,Belkin 105-Key Black Keyboard,3972,19.98,YES,2,12,2
378,GBC Imprintable Covers,4363,10.98,YES,1,6,2
379,"Executive Impressions 14""",2899,22.23,YES,3,3,4
380,Accessory2,1095,55.99,YES,2,2,4
381,Southworth 25% Cotton Antique Laid Paper & Envelopes,7417,8.34,YES,1,4,2
382,Bretford �Just In Time� Height-Adjustable Multi-Task Work Tables,787,417.4,YES,3,15,6
383,Avery Durable Poly Binders,2584,5.53,YES,1,6,2
384,Dana Swing-Arm Lamps,2535,10.68,YES,3,3,7
385,270c,129,125.99,YES,2,2,2
386,T28 WORLD,407,195.99,YES,2,2,2
387,Staples Premium Bright 1-Part Blank Computer Paper,9236,12.28,YES,1,4,2
388,Accessory17,2070,35.99,YES,2,2,5
389,Xerox 1898,9870,6.68,YES,1,4,2
390,ACCOHIDE� Binder by Acco,7844,4.13,YES,1,6,2
391,Eldon Executive Woodline II Cherry Finish Desk Accessories,9509,40.89,YES,3,3,2
392,Belkin 8 Outlet Surge Protector,6679,40.98,YES,1,1,2
393,Fellowes Super Stor/Drawer� Files,5431,161.55,YES,1,14,2
394,Logitech Cordless Navigator Duo,2597,80.98,YES,2,12,2
395,Sharp EL500L Fraction Calculator,7372,13.99,YES,2,16,3
396,White GlueTop Scratch Pads,7195,15.04,YES,1,4,5
397,Cardinal Holdit Business Card Pockets,10027,4.98,YES,1,6,2
398,T193,5090,65.99,YES,2,2,2
399,Tennsco Commercial Shelving,6846,20.34,YES,1,14,7
400,Office Star Flex Back Scooter Chair with Aluminum Finish Frame,5541,100.89,YES,3,13,1
401,Accessory13,7224,35.99,YES,2,2,4
402,Xerox 1976,3205,6.48,YES,1,4,2
403,Hon 2090 �Pillow Soft� Series Mid Back Swivel/Tilt Chairs,4920,280.98,YES,3,13,1
404,Hammermill Color Copier Paper (28Lb. and 96 Bright),1091,9.99,YES,1,4,2
405,Xerox 1989,9402,4.98,YES,1,4,2
406,Nu-Dell Leatherette Frames,7492,14.34,YES,3,3,4
407,Xerox 1994,6715,6.48,YES,1,4,2
408,Dixon Ticonderoga Core-Lock Colored Pencils,4619,9.11,YES,1,10,5
409,CF 688,9837,155.99,YES,2,2,2
410,Panasonic KP-350BK Electric Pencil Sharpener with Auto Stop,9979,34.58,YES,1,10,4
411,3285,2437,205.99,YES,2,2,2
412,Office Star - Task Chair with Contemporary Loop Arms,9392,90.98,YES,3,13,1
413,Acco Perma� 3000 Stacking Storage Drawers,6431,20.98,YES,1,14,2
414,Eldon� Gobal File Keepers,2026,15.14,YES,1,14,2
415,Kensington 7 Outlet MasterPiece� HOMEOFFICE Power Control Center,4315,131.12,YES,1,1,2
416,"Seth Thomas 13 1/2"" Wall Clock",7269,17.78,YES,3,3,2
417,Bretford Rectangular Conference Table Tops,9950,376.13,YES,3,15,6
418,Wirebound Voice Message Log Book,466,4.76,YES,1,4,5
419,O'Sullivan Manor Hill 2-Door Library in Brianna Oak,3785,180.98,YES,3,8,6
420,Novimex Swivel Fabric Task Chair,5294,150.98,YES,3,13,1
421,Project Tote Personal File,5360,14.03,YES,1,14,2
422,Xerox 1899,5724,5.78,YES,1,4,2
423,Barrel Sharpener,8742,3.57,YES,1,10,4
424,Accessory34,6340,85.99,YES,2,2,5
425,Wilson Jones� Four-Pocket Poly Binders,8499,6.54,YES,1,6,2
426,Economy Binders,9025,2.08,YES,1,6,2
427,Office Star - Mid Back Dual function Ergonomic High Back Chair with 2-Way Adjustable Arms,6113,160.98,YES,3,13,1
428,Eldon Jumbo ProFile� Portable File Boxes Graphite/Black,4376,15.31,YES,1,14,2
429,Newell 315,1927,5.98,YES,1,10,5
430,Xerox 1983,9383,5.98,YES,1,4,2
431,T61,6228,45.99,YES,2,2,2
432,Xerox 196,8989,5.78,YES,1,4,2
433,Eldon Simplefile� Box Office�,7745,12.44,YES,1,14,3
434,6190,7461,65.99,YES,2,2,2
435,Panasonic KX-P3200 Dot Matrix Printer,4106,297.64,YES,2,16,1
436,Ibico Recycled Linen-Style Covers,4188,39.06,YES,1,6,2
437,1726 Digital Answering Machine,6383,20.99,YES,2,2,3
438,"Executive Impressions 8-1/2"" Career Panel/Partition Cubicle Clock",1625,10.4,YES,3,3,4
439,Belkin MediaBoard 104- Keyboard,3328,27.48,YES,2,12,2
440,"Executive Impressions 12"" Wall Clock",3230,17.67,YES,3,3,4
441,6185,3700,205.99,YES,2,2,2
442,Xerox 1993,4926,6.48,YES,1,4,2
443,Fellowes 8 Outlet Superior Workstation Surge Protector,2442,41.71,YES,1,1,2
444,Accessory20,10092,85.99,YES,2,2,4
445,5165,5741,175.99,YES,2,2,2
446,Lexmark Z54se Color Inkjet Printer,379,90.97,YES,2,16,1
447,Avery 520,307,3.15,YES,1,9,2
448,Xerox 226,3521,6.48,YES,1,4,2
449,Sanford 52201 APSCO Electric Pencil Sharpener,8475,40.97,YES,1,10,4
450,Laminate Occasional Tables,100,154.13,YES,3,15,7
451,Round Ring Binders,7436,2.08,YES,1,6,2
452,DIXON Oriole� Pencils,9506,2.58,YES,1,10,5
453,Avery Durable Binders,1307,2.88,YES,1,6,2
454,iDEN i95,1518,65.99,YES,2,2,2
455,"Howard Miller 11-1/2"" Diameter Ridgewood Wall Clock",323,51.94,YES,3,3,2
456,Howard Miller 12-3/4 Diameter Accuwave DS � Wall Clock,1629,78.69,YES,3,3,2
457,"Seth Thomas 12"" Clock w/ Goldtone Case",4849,22.98,YES,3,3,2
458,Bevis Round Conference Room Tables and Bases,8647,179.29,YES,3,15,6
459,#10 Self-Seal White Envelopes,2892,11.09,YES,1,7,2
460,7160,552,140.99,YES,2,2,2
461,StarTAC 6500,1784,125.99,YES,2,2,2
462,Eldon Advantage� Chair Mats for Low to Medium Pile Carpets,2402,43.31,YES,3,3,3
463,SC7868i,2970,125.99,YES,2,2,2
464,HP Office Recycled Paper (20Lb. and 87 Bright),687,5.78,YES,1,4,2
465,Logitech Internet Navigator Keyboard,3745,30.98,YES,2,12,2
466,Keytronic 105-Key Spanish Keyboard,3668,73.98,YES,2,12,2
467,Motorola SB4200 Cable Modem,1764,179.99,YES,2,12,2
468,Jet-Pak Recycled Peel 'N' Seal Padded Mailers,9288,35.89,YES,1,7,2
469,Strathmore Photo Mount Cards,7881,6.78,YES,1,4,2
470,Airmail Envelopes,265,83.93,YES,1,7,2
471,Keytronic French Keyboard,1489,73.98,YES,2,12,2
472,Newell 314,8317,5.58,YES,1,10,5
473,Xerox 1919,7235,40.99,YES,1,4,2
474,Accessory27,1086,35.99,YES,2,2,2
475,Berol Giant Pencil Sharpener,1723,16.99,YES,1,10,4
476,Xerox 227,801,6.48,YES,1,4,2
477,Xerox 1962,3260,4.28,YES,1,4,2
478,636,8662,115.99,YES,2,2,2
479,Global Commerce� Series High-Back Swivel/Tilt Chairs,693,284.98,YES,3,13,1
480,Wilson Jones Easy Flow II� Sheet Lifters,8114,1.8,YES,1,6,2
481,Avery White Multi-Purpose Labels,8868,4.98,YES,1,9,2
482,Accessory25,2497,20.99,YES,2,2,5
483,Xerox 199,6145,4.28,YES,1,4,2
484,Bush Advantage Collection� Racetrack Conference Table,1766,424.21,YES,3,15,6
485,Hon Comfortask� Task/Swivel Chairs,2007,113.98,YES,3,13,1
486,Xerox 1938,6840,47.9,YES,1,4,2
487,Rediform S.O.S. Phone Message Books,7859,4.98,YES,1,4,5
488,StarTAC 3000,6260,125.99,YES,2,2,2
489,Adesso Programmable 142-Key Keyboard,7508,152.48,YES,2,12,2
490,Ampad #10 Peel & Seel� Holiday Envelopes,2578,4.48,YES,1,7,2
491,5185,9649,115.99,YES,2,2,2
492,Maxell DVD-RAM Discs,7475,16.48,YES,2,12,4
493,StarTAC ST7868,8792,125.99,YES,2,2,2
494,Novimex Turbo Task Chair,2717,70.98,YES,3,13,1
495,Panasonic KX-P3626 Dot Matrix Printer,1421,517.48,YES,2,16,6
496,Belkin F9M820V08 8 Outlet Surge,1493,42.98,YES,1,1,2
497,GBC VeloBinder Strips,2128,7.68,YES,1,6,2
498,MicroTAC 650,1822,65.99,YES,2,2,2
499,Hand-Finished Solid Wood Document Frame,6479,34.23,YES,3,3,2
500,Boston 1645 Deluxe Heavier-Duty Electric Pencil Sharpener,2202,43.98,YES,1,10,4
501,Xerox 210,8962,6.48,YES,1,4,2
502,Xerox 1923,1386,6.68,YES,1,4,2
503,Staples Metal Binder Clips,6019,2.62,YES,1,5,5
504,Hewlett-Packard 4.7GB DVD+R Discs,8186,8.5,YES,2,12,4
505,I888 World Phone,8934,155.99,YES,2,2,2
506,Xerox 1997,9231,6.48,YES,1,4,2
507,GBC Therma-A-Bind 250T Electric Binding System,2365,122.99,YES,1,6,2
508,Avery Printable Repositionable Plastic Tabs,441,8.6,YES,1,6,2
509,Storex DuraTech Recycled Plastic Frosted Binders,10194,4.24,YES,1,6,2
510,Xerox 204,9874,6.48,YES,1,4,2
511,Newell 35,8446,3.28,YES,1,10,5
512,Staples Brown Kraft Recycled Clasp Envelopes,6227,5.58,YES,1,7,2
513,Xerox 1947,8201,5.98,YES,1,4,2
514,Xerox 1950,4721,5.78,YES,1,4,2
515,GBC ProClick� 150 Presentation Binding System,1969,315.98,YES,1,6,2
516,Letter Size Cart,9515,142.86,YES,1,14,2
517,Kensington 6 Outlet Guardian Standard Surge Protector,6458,20.48,YES,1,1,2
518,V8162,1184,65.99,YES,2,2,2
519,Flexible Leather- Look Classic Collection Ring Binder,8917,18.94,YES,1,6,2
520,Okidata ML520 Series Dot Matrix Printers,6887,510.14,YES,2,16,1
521,Avery 48,6033,6.3,YES,1,9,2
522,Eldon Cleatmat Plus� Chair Mats for High Pile Carpets,5649,79.52,YES,3,3,3
523,6340,2113,85.99,YES,2,2,2
524,Microsoft Natural Keyboard Elite,5457,39.98,YES,2,12,2
525,Accessory41,948,35.99,YES,2,2,5
526,i500plus,3821,65.99,YES,2,2,2
527,Hewlett-Packard Deskjet 3820 Color Inkjet Printer,9638,100.97,YES,2,16,1
528,Newell 346,4575,2.88,YES,1,10,5
529,Global Enterprise� Series Seating Low-Back Swivel/Tilt Chairs,9725,258.98,YES,3,13,1
530,3M Polarizing Light Filter Sleeves,497,18.65,YES,3,3,4
531,6162i,8717,65.99,YES,2,2,2
532,iDENi80s,1506,65.99,YES,2,2,2
533,5190,2232,65.99,YES,2,2,2
534,M70,8836,125.99,YES,2,2,2
535,Acco 6 Outlet Guardian Premium Surge Suppressor,9671,14.56,YES,1,1,2
536,G.E. Halogen Desk Lamp Bulbs,7508,6.98,YES,3,3,4
537,Filing/Storage Totes and Swivel Casters,6759,9.71,YES,1,14,2
538,Ultra Door Pull Handle,8120,10.52,YES,3,3,4
539,Southworth 25% Cotton Linen-Finish Paper & Envelopes,2997,9.06,YES,1,4,2
540,Hayes Optima 56K V.90 Internal Voice Modem,2800,256.99,YES,2,12,2
541,Xerox 1979,4610,30.98,YES,1,4,2
542,Xerox 1903,7546,5.98,YES,1,4,2
543,Hon 2111 Invitation� Series Corner Table,6527,209.37,YES,3,15,7
544,Staples Copy Paper (20Lb. and 84 Bright),7453,4.98,YES,1,4,2
545,Bevis Rectangular Conference Tables,4415,145.98,YES,3,15,6
546,Xerox 1937,3716,48.04,YES,1,4,2
547,Xerox 1986,9378,6.68,YES,1,4,2
548,Microsoft Multimedia Keyboard,4174,30.97,YES,2,12,2
549,Xerox 1894,1119,6.48,YES,1,4,2
550,BASF Silver 74 Minute CD-R,2095,1.7,YES,2,12,4
551,Accessory32,4969,55.99,YES,2,2,4
552,Westinghouse Clip-On Gooseneck Lamps,862,8.37,YES,3,3,7
553,Hewlett-Packard 2600DN Business Color Inkjet Printer,3305,119.99,YES,2,16,6
554,Staples Plastic Wall Frames,9792,7.96,YES,3,3,2
555,Vinyl Sectional Post Binders,6403,37.7,YES,1,6,2
556,i2000,3158,125.99,YES,2,2,2
557,Ames Color-File� Green Diamond Border X-ray Mailers,9321,83.98,YES,1,7,2
558,Hon Non-Folding Utility Tables,496,159.31,YES,3,15,1
559,Office Star - Ergonomic Mid Back Chair with 2-Way Adjustable Arms,7591,180.98,YES,3,13,1
560,Nu-Form 106-Key Ergonomic Keyboard w/ Touchpad,5196,53.98,YES,2,12,2
561,Avery 496,9666,3.75,YES,1,9,2
562,"Executive Impressions 14"" Contract Wall Clock with Quartz Movement",7824,22.23,YES,3,3,4
563,Tuff Stuff� Recycled Round Ring Binders,617,4.82,YES,1,6,2
564,Avery 514,9399,2.88,YES,1,9,2
565,V8160,1210,65.99,YES,2,2,2
566,"Rush Hierlooms Collection 1"" Thick Stackable Bookcases",7039,170.98,YES,3,8,6
567,Hewlett-Packard Deskjet 1220Cse Color Inkjet Printer,4087,400.97,YES,2,16,6
568,Xerox 1949,9630,4.98,YES,1,4,2
569,Xerox 1907,5168,12.28,YES,1,4,2
570,Imation DVD-RAM discs,4614,35.41,YES,2,12,4
571,Xerox 1974,2743,5.98,YES,1,4,2
572,Panasonic KP-150 Electric Pencil Sharpener,8389,37.74,YES,1,10,4
573,Xerox 1896,8458,9.99,YES,1,4,2
574,8890,6307,115.99,YES,2,2,2
575,Office Impressions Heavy Duty Welded Shelving & Multimedia Storage Drawers,2683,167.27,YES,1,14,7
576,Novimex Fabric Task Chair,8511,60.98,YES,3,13,1
577,Staples File Caddy,9331,9.38,YES,1,14,2
578,Bush Advantage Collection� Round Conference Table,5075,212.6,YES,3,15,6
579,Avery Hole Reinforcements,1166,6.23,YES,1,6,2
580,TI 30X Scientific Calculator,7188,11.99,YES,2,16,3
581,Avery Non-Stick Binders,4460,4.49,YES,1,6,2
582,Belkin Premiere Surge Master II 8-outlet surge protector,5612,48.58,YES,1,1,2
583,Newell 309,3988,11.55,YES,1,10,5
584,Wilson Jones �Snap� Scratch Pad Binder Tool for Ring Binders,7846,5.8,YES,1,6,2
585,Flat Face Poster Frame,5752,18.84,YES,3,3,5
586,Xerox 193,8096,5.98,YES,1,4,2
587,Nu-Dell Executive Frame,8689,12.64,YES,3,3,4
588,Xerox 1973,2646,22.84,YES,1,4,2
589,Hewlett Packard LaserJet 3310 Copier,2843,599.99,YES,2,11,7
590,Xerox 1927,6791,4.28,YES,1,4,2
591,3.6 Cubic Foot Counter Height Office Refrigerator,8333,294.62,YES,1,1,1
592,T65,6326,195.99,YES,2,2,2
593,Gyration RF Keyboard,782,159.99,YES,2,12,2
594,StarTAC 8000,7810,205.99,YES,2,2,2
595,Xerox 1910,3265,48.04,YES,1,4,2
596,Newell 320,6812,4.28,YES,1,10,5
597,Howard Miller Distant Time Traveler Alarm Clock,6993,27.42,YES,3,3,2
598,Newell 307,7068,1.82,YES,1,10,5
599,Tensor Computer Mounted Lamp,6158,14.89,YES,3,3,7
600,Hewlett-Packard Deskjet 940 REFURBISHED Color Inkjet Printer,7442,80.97,YES,2,16,6
601,Holmes Odor Grabber,9935,14.42,YES,1,1,3
602,Avery Hi-Liter� Smear-Safe Highlighters,10020,5.84,YES,1,10,5
603,Artistic Insta-Plaque,9046,15.68,YES,3,3,4
604,"Carina 42""Hx23 3/4""W Media Storage Unit",6457,80.98,YES,1,14,7
605,Peel-Off� China Markers,9360,9.93,YES,1,10,5
606,Model L Table or Wall-Mount Pencil Sharpener,6526,17.99,YES,1,10,2
607,Okidata ML320 Series Turbo Dot Matrix Printers,2485,399.98,YES,2,16,6
608,Deflect-O� Glasstique� Clear Desk Accessories,7050,7.7,YES,3,3,5
609,Multicolor Computer Printout Paper,7161,104.85,YES,1,4,2
610,DAX Wood Document Frame.,7831,13.73,YES,3,3,5
611,Newell 340,4170,2.88,YES,1,10,5
612,Space Solutions Commercial Steel Shelving,4641,64.65,YES,1,14,7
613,StarTAC Analog,9435,65.99,YES,2,2,2
614,232,320,125.99,YES,2,2,2
615,Colored Push Pins,750,1.81,YES,1,5,5
616,KI Conference Tables,4338,70.89,YES,3,15,6
617,Newell 321,3949,3.28,YES,1,10,5
618,Newell 351,2828,3.28,YES,1,10,5
619,Avanti 1.7 Cu. Ft. Refrigerator,3789,100.98,YES,1,1,1
620,"Executive Impressions 13-1/2"" Indoor/Outdoor Wall Clock",3210,18.7,YES,3,3,4
621,Gyration Ultra Cordless Optical Suite,8639,100.97,YES,2,12,2
622,DPC 650 Piper,1278,115.99,YES,2,2,2
623,Staples #10 Colored Envelopes,6907,7.78,YES,1,7,2
624,Accessory35,8910,35.99,YES,2,2,2
625,Avery Heavy-Duty EZD � Binder With Locking Rings,6241,5.58,YES,1,6,2
626,Okidata ML184 Turbo Dot Matrix Printers,6707,306.14,YES,2,16,1
627,Riverside Furniture Stanwyck Manor Table Series,7832,286.85,YES,3,15,6
628,Epson C82 Color Inkjet Printer,648,119.99,YES,2,16,1
629,Xerox 212,3138,6.48,YES,1,4,2
630,Binding Machine Supplies,5783,29.17,YES,1,6,2
631,BPI Conference Tables,1683,146.05,YES,3,15,6
632,O'Sullivan 5-Shelf Heavy-Duty Bookcases,2332,81.94,YES,3,8,6
633,Avery� Durable Slant Ring Binders With Label Holder,8787,4.18,YES,1,6,2
634,Ibico Laser Imprintable Binding System Covers,3898,52.4,YES,1,6,2
635,Deflect-o Glass Clear Studded Chair Mats,7483,62.18,YES,3,3,3
636,Avery Round Ring Poly Binders,4504,2.84,YES,1,6,2
637,Targus USB Numeric Keypad,6757,40.98,YES,2,12,2
638,Micro Innovations Media Access Pro Keyboard,7537,77.51,YES,2,12,2
639,"Howard Miller 13"" Diameter Goldtone Round Wall Clock",8700,46.94,YES,3,3,2
640,"Acco Recycled 2"" Capacity Laser Printer Hanging Data Binders",9409,14.45,YES,1,6,2
641,Staples 4 Outlet Surge Protector,5914,8.67,YES,1,1,2
642,"Tensor ""Hersey Kiss"" Styled Floor Lamp",1654,12.99,YES,3,3,7
643,Prang Colored Pencils,5669,2.94,YES,1,10,5
644,6120,5202,65.99,YES,2,2,2
645,Belkin 5 Outlet SurgeMaster� Power Centers,2983,54.48,YES,1,1,2
646,Polycom VoiceStation 100,3850,300.98,YES,2,16,3
647,Bretford CR8500 Series Meeting Room Furniture,7305,400.98,YES,3,15,6
648,Boston 1799 Powerhouse� Electric Pencil Sharpener,513,25.98,YES,1,10,4
649,Belkin F5C206VTEL 6 Outlet Surge,7137,22.98,YES,1,1,2
650,Eldon Expressions Mahogany Wood Desk Collection,9501,6.24,YES,3,3,2
651,Hoover Upright Vacuum With Dirt Cup,2834,289.53,YES,1,1,2
652,GBC DocuBind P50 Personal Binding Machine,4144,63.98,YES,1,6,2
653,Boston 16801 Nautilus� Battery Pencil Sharpener,3496,22.01,YES,1,10,4
654,Iceberg Mobile Mega Data/Printer Cart �,3002,120.33,YES,1,14,2
655,Chromcraft Rectangular Conference Tables,8921,236.97,YES,3,15,6
656,Security-Tint Envelopes,8542,7.64,YES,1,7,2
657,Avery Binding System Hidden Tab� Executive Style Index Sets,3177,5.77,YES,1,6,2
658,Fellowes EZ Multi-Media Keyboard,585,34.98,YES,2,12,2
659,Xerox 1922,485,4.98,YES,1,4,2
660,Avery 504,2761,2.88,YES,1,9,2
661,Talkabout T8097,8919,205.99,YES,2,2,2
662,Ibico Hi-Tech Manual Binding System,1961,304.99,YES,1,6,2
663,Tyvek� Side-Opening Peel & Seel� Expanding Envelopes,4277,90.48,YES,1,7,2
664,Xerox 1934,1457,55.98,YES,1,4,2
665,GBC Instant Index� System for Binding Systems,6168,8.88,YES,1,6,2
666,Letter or Legal Size Expandable Poly String Tie Envelopes,1515,2.66,YES,1,7,2
667,Park Ridge� Embossed Executive Business Envelopes,6115,15.57,YES,1,7,2
668,Logitech Cordless Access Keyboard,5612,29.99,YES,2,12,2
669,14-7/8 x 11 Blue Bar Computer Printout Paper,2842,48.04,YES,1,4,2
670,6000,6329,65.99,YES,2,2,2
671,5180,7754,65.99,YES,2,2,2
672,O'Sullivan Living Dimensions 3-Shelf Bookcases,6586,200.98,YES,3,8,6
673,Newell 333,4310,2.78,YES,1,10,5
674,Xerox 23,4778,6.48,YES,1,4,2
675,Anderson Hickey Conga Table Tops & Accessories,7730,15.23,YES,3,15,6
676,Hon Pagoda� Stacking Chairs,7040,320.98,YES,3,13,7
677,Newell 338,5945,2.94,YES,1,10,5
678,Avery Hi-Liter Pen Style Six-Color Fluorescent Set,2061,3.85,YES,1,10,5
679,Blackstonian Pencils,5567,2.67,YES,1,10,5
680,Harmony HEPA Quiet Air Purifiers,2499,11.7,YES,1,1,3
681,GBC Standard Plastic Binding Systems' Combs,9580,6.28,YES,1,6,2
682,Panasonic KX-P1131 Dot Matrix Printer,7365,264.98,YES,2,16,1
683,EcoTones� Memo Sheets,3853,4,YES,1,4,5
684,Xerox 1984,3772,6.48,YES,1,4,2
685,3395,3018,85.99,YES,2,2,2
686,Canon MP25DIII Desktop Whisper-Quiet Printing Calculator,7532,51.98,YES,2,16,3
687,Fluorescent Highlighters by Dixon,9078,3.98,YES,1,10,5
688,Accessory23,5908,35.99,YES,2,2,4
689,SAFCO Boltless Steel Shelving,4978,113.64,YES,1,14,7
690,GBC Wire Binding Strips,9130,31.74,YES,1,6,2
691,Xerox 1952,1524,4.98,YES,1,4,2
692,Luxo Professional Fluorescent Magnifier Lamp with Clamp-Mount Base,6320,209.84,YES,3,3,7
693,Xerox 1933,7372,12.28,YES,1,4,2
694,Accessory15,5892,20.99,YES,2,2,4
695,Tennsco Regal Shelving Units,513,101.41,YES,1,14,7
696,Fuji Slim Jewel Case CD-R,3994,2.12,YES,2,12,4
697,Self-Adhesive Removable Labels,7478,3.15,YES,1,9,2
698,KH 688,4151,195.99,YES,2,2,2
699,Plastic Binding Combs,8749,15.15,YES,1,6,2
700,TIMEPORT P8767,1541,65.99,YES,2,2,2
701,DIXON Ticonderoga� Erasable Checking Pencils,8166,5.58,YES,1,10,5
702,Super Decoflex Portable Personal File,1609,14.98,YES,1,14,2
703,O'Sullivan Living Dimensions 2-Shelf Bookcases,7690,120.98,YES,3,8,6
704,T60,1111,95.99,YES,2,2,2
705,OIC Bulk Pack Metal Binder Clips,1792,3.49,YES,1,5,5
706,Xerox 1908,6386,55.98,YES,1,4,2
707,Xerox 1948,9914,9.99,YES,1,4,2
708,Epson C62 Color Inkjet Printer,8772,119.99,YES,2,16,6
709,2160,5415,115.99,YES,2,2,2
710,Electrix Fluorescent Magnifier Lamps & Weighted Base,2040,49.34,YES,3,3,7
711,Staples 1 Part Blank Computer Paper,2784,11.34,YES,1,4,2
712,Advantus Panel Wall Certificate Holder - 8.5x11,1254,12.2,YES,3,3,4
713,Newell 339,4991,2.78,YES,1,10,5
714,Belkin 7 Outlet SurgeMaster Surge Protector with Phone Protection,7887,39.48,YES,1,1,2
715,Xerox 216,3368,6.48,YES,1,4,2
716,DMI Arturo Collection Mission-style Design Wood Chair,1562,150.98,YES,3,13,1
717,Acco D-Ring Binder w/DublLock�,8254,21.38,YES,1,6,2
718,Fellowes High-Stak� Drawer Files,501,176.19,YES,1,14,2
719,Document Clip Frames,8608,8.34,YES,3,3,5
720,Xerox 221,8744,6.48,YES,1,4,2
721,Staples Gold Paper Clips,2570,2.98,YES,1,5,5
722,Eldon Shelf Savers� Cubes and Bins,10071,6.98,YES,1,14,2
723,Okidata ML591 Wide Format Dot Matrix Printer,590,810.98,YES,2,16,1
724,Xerox 1917,3951,48.91,YES,1,4,2
725,Xerox 1959,5026,6.68,YES,1,4,2
726,Phone 918,1461,205.99,YES,2,2,2
727,Avery Self-Adhesive Photo Pockets for Polaroid Photos,9443,6.81,YES,1,6,2
728,Fellowes Bases and Tops For Staxonsteel�/High-Stak� Systems,8611,33.29,YES,1,14,2
729,Global Deluxe Office Fabric Chairs,4270,95.98,YES,3,13,1
730,Accessory28,3788,55.99,YES,2,2,4
731,600 Series Non-Flip,9713,45.99,YES,2,2,2
732,Staples Bulk Pack Metal Binder Clips,1740,6.08,YES,1,5,5
733,"Avery� Durable Plastic 1"" Binders",3344,4.54,YES,1,6,2
734,Fellowes Binding Cases,4314,11.7,YES,1,6,2
735,Xerox 229,4309,6.48,YES,1,4,2
736,"Black Print Carbonless 8 1/2"" x 8 1/4"" Rapid Memo Book",8155,7.28,YES,1,4,5
737,GBC Durable Plastic Covers,9652,19.35,YES,1,6,2
738,"Seth Thomas 14"" Putty-Colored Wall Clock",2797,29.34,YES,3,3,2
739,Ibico Presentation Index for Binding Systems,2220,3.98,YES,1,6,2
740,Canon PC1080F Personal Copier,6820,599.99,YES,2,11,7
741,Xerox 191,7632,19.98,YES,1,4,2
742,Avery Hanging File Binders,503,5.98,YES,1,6,2
743,Hoover Replacement Belt for Commercial Guardsman Heavy-Duty Upright Vacuum,479,2.22,YES,1,1,2
744,Ultra Door Push Plate,3238,4.91,YES,3,3,4
745,Hunt Boston� Vacuum Mount KS Pencil Sharpener,6376,34.99,YES,1,10,2
746,Canon Imageclass D680 Copier / Fax,177,699.99,YES,2,11,7
747,Avery Premier Heavy-Duty Binder with Round Locking Rings,1299,14.28,YES,1,6,2
748,Avery 503,9496,10.35,YES,1,9,2
749,Hon 4060 Series Tables,2721,60.98,YES,3,15,7
750,Zebra Zazzle Fluorescent Highlighters,8892,6.08,YES,1,10,5
751,Belkin 8 Outlet SurgeMaster II Gold Surge Protector with Phone Protection,5741,80.98,YES,1,1,2
752,Avery 508,7212,4.91,YES,1,9,2
753,Hoover Commercial Lightweight Upright Vacuum with E-Z Empty� Dirt Cup,5714,232.58,YES,1,1,2
754,Accessory1,9971,35.99,YES,2,2,4
755,SAFCO Optional Arm Kit for Workspace� Cribbage Stacking Chair,9077,26.64,YES,3,13,3
756,Staples Pushpins,8197,1.88,YES,1,5,5
757,Hoover Commercial Soft Guard Upright Vacuum And Disposable Filtration Bags,1165,7.77,YES,1,1,2
758,Fellowes Superior 10 Outlet Split Surge Protector,3747,38.06,YES,1,1,2
759,Large Capacity Hanging Post Binders,6132,24.95,YES,1,6,2
760,Sensible Storage WireTech Storage Systems,477,70.98,YES,1,14,7
761,Balt Solid Wood Rectangular Table,7116,105.49,YES,3,15,6
762,6162m,1442,115.99,YES,2,2,2
763,Office Star - Professional Matrix Back Chair with 2-to-1 Synchro Tilt and Mesh Fabric Seat,4763,350.98,YES,3,13,1
764,Avery 484,1696,2.88,YES,1,9,2
765,5170,2381,65.99,YES,2,2,2
766,Tripp Lite Isotel 8 Ultra 8 Outlet Metal Surge,1286,70.97,YES,1,1,2
767,"Iceberg OfficeWorks 42"" Round Tables",8196,4.91,YES,3,15,6
768,Decoflex Hanging Personal Folder File,855,15.42,YES,1,14,2
769,Advantus SlideClip� Paper Clips,3589,3.41,YES,1,5,5
770,Safco Industrial Wire Shelving,5240,95.99,YES,1,14,7
771,GBC ProClick Spines for 32-Hole Punch,2018,12.53,YES,1,6,2
772,2190,5629,65.99,YES,2,2,2
773,Xerox 1916,8715,48.94,YES,1,4,2
774,Universal Premium White Copier/Laser Paper (20Lb. and 87 Bright),1871,5.98,YES,1,4,2
775,Brother DCP1000 Digital 3 in 1 Multifunction Machine,1280,299.99,YES,2,11,7
776,Xerox 1895,2409,5.98,YES,1,4,2
777,V70,9683,205.99,YES,2,2,2
778,Storex Dura Pro� Binders,7509,5.94,YES,1,6,2
779,Newell 31,7812,4.13,YES,1,10,5
780,Avoid Verbal Orders Carbonless Minifold Book,4762,3.38,YES,1,4,5
781,Rogers� Profile Extra Capacity Storage Tub,10138,16.74,YES,1,14,2
782,TimeportP7382,10154,205.99,YES,2,2,2
783,Avery 501,6067,3.69,YES,1,9,2
784,Portfile� Personal File Boxes,5526,17.7,YES,1,14,2
785,Quality Park Security Envelopes,8085,26.17,YES,1,7,2
786,Rubber Band Ball,2800,3.74,YES,1,5,5
787,Hon Valutask� Swivel Chairs,6135,100.98,YES,3,13,1
788,i1000plus,3421,125.99,YES,2,2,2
789,Sauder Camden County Collection Library,5147,114.98,YES,3,8,6
790,Prang Dustless Chalk Sticks,6268,1.68,YES,1,10,5
791,2300 Heavy-Duty Transfer File Systems by Perma,7253,24.98,YES,1,14,2
792,Xerox 1888,5983,55.48,YES,1,4,2
793,Newell 325,6885,4.13,YES,1,10,5
794,Staples Colored Interoffice Envelopes,1622,30.98,YES,1,7,2
795,Xerox 1964,9732,22.84,YES,1,4,2
796,Xerox 1880,6389,35.44,YES,1,4,2
797,Eldon Antistatic Chair Mats for Low to Medium Pile Carpets,5726,105.29,YES,3,3,7
798,Xerox 2,8856,6.48,YES,1,4,2
799,i600,872,125.99,YES,2,2,2
800,Hon 61000 Series Interactive Training Tables,5317,44.43,YES,3,15,6
801,Xerox 1991,2306,22.84,YES,1,4,2
802,Trimflex� Flexible Post Binders,625,21.38,YES,1,6,2
803,Tenex Antistatic Computer Chair Mats,5839,170.98,YES,3,3,3
804,Iris Project Case,7650,7.98,YES,1,14,3
805,Xerox 1961,7059,4.98,YES,1,4,2
806,Chromcraft Bull-Nose Wood Oval Conference Tables & Bases,341,550.98,YES,3,15,6
807,Crayola Colored Pencils,8289,3.28,YES,1,10,5
808,4009� Highlighters by Sanford,3937,3.98,YES,1,10,5
809,282,8922,115.99,YES,2,2,2
810,DMI Eclipse Executive Suite Bookcases,6764,500.98,YES,3,8,6
811,Rogers Handheld Barrel Pencil Sharpener,8677,2.74,YES,1,10,4
812,Tripp Lite Isotel 6 Outlet Surge Protector with Fax/Modem Protection,3794,60.97,YES,1,1,2
813,Advantus Push Pins,6108,2.18,YES,1,5,5
814,V3682,1314,125.99,YES,2,2,2
815,Astroparche� Fine Business Paper,537,5.28,YES,1,4,2
816,Xerox 1951,7240,30.98,YES,1,4,2
817,Maxell 4.7GB DVD-R,5537,28.38,YES,2,12,4
818,Accohide Poly Flexible Ring Binders,9408,3.74,YES,1,6,2
819,Avery File Folder Labels,3633,2.88,YES,1,9,2
820,Balt Split Level Computer Training Table,9593,138.75,YES,3,15,6
821,SC-3160,5111,65.99,YES,2,2,2
822,Nu-Dell Float Frame 11 x 14 1/2,4673,8.98,YES,3,3,4
823,Regeneration Desk Collection,5861,1.76,YES,3,3,2
824,Xerox 1996,7612,6.48,YES,1,4,2
825,Verbatim 4.7GB DVD-R,7993,33.29,YES,2,12,4
826,Global Leather Executive Chair,6093,350.99,YES,3,13,1
827,"Chromcraft 48"" x 96"" Racetrack Double Pedestal Table",8827,320.64,YES,3,15,6
828,"Seth Thomas 8 1/2"" Cubicle Clock",7278,20.28,YES,3,3,2
829,Lumber Crayons,2300,9.85,YES,1,10,5
830,Xerox 200,5087,6.48,YES,1,4,2
831,Hewlett Packard 610 Color Digital Copier / Printer,6714,449.99,YES,2,11,7
832,Hon Rectangular Conference Tables,838,227.55,YES,3,15,6
833,Acco Keyboard-In-A-Box�,6580,29.1,YES,2,12,2
834,Xerox 1963,2623,5.28,YES,1,4,2
835,Computer Printout Index Tabs,2523,1.68,YES,1,6,2
836,Advantus Rolling Storage Box,9518,17.15,YES,1,14,2
837,Microsoft Office Keyboard,4066,40.98,YES,2,12,2
838,DAX Cubicle Frames - 8x10,8414,5.77,YES,3,3,3
839,Acco Smartsocket� Color-Coded Six-Outlet AC Adapter Model Surge Protectors,8445,44.01,YES,1,1,2
840,Xerox 1981,8003,5.28,YES,1,4,2
841,36X48 HARDFLOOR CHAIRMAT,4487,20.98,YES,3,3,3
842,Smead Adjustable Mobile File Trolley with Lockable Top,2436,419.19,YES,1,14,2
843,ELITE Series,4503,205.99,YES,2,2,2
844,OIC Thumb-Tacks,8574,1.14,YES,1,5,5
845,Gyration Ultra Professional Cordless Optical Suite,7693,300.97,YES,2,12,2
846,Bionaire 99.97% HEPA Air Cleaner,3634,17.52,YES,1,1,3
847,#6 3/4 Gummed Flap White Envelopes,10086,9.9,YES,1,7,2
848,Grip Seal Envelopes,5580,4.42,YES,1,7,2
849,Avery Reinforcements for Hole-Punch Pages,1067,1.98,YES,1,6,2
850,Polycom ViewStation� ISDN Videoconferencing Unit,2516,6783.02,YES,2,16,7
851,US Robotics 56K V.92 Internal PCI Faxmodem,889,49.99,YES,2,12,2
852,Wilson Jones Turn Tabs Binder Tool for Ring Binders,6193,4.82,YES,1,6,2
853,Xerox 19,5338,30.98,YES,1,4,2
854,GBC Plastic Binding Combs,1491,7.38,YES,1,6,2
855,Panasonic KX-P2130 Dot Matrix Printer,113,213.45,YES,2,16,1
856,GBC DocuBind 300 Electric Binding Machine,7605,525.98,YES,1,6,2
857,Ibico Ibimaster 300 Manual Binding System,4969,367.99,YES,1,6,2
858,Electrix 20W Halogen Replacement Bulb for Zoom-In Desk Lamp,8448,13.4,YES,3,3,4
859,Wilson Jones Standard D-Ring Binders,9615,5.06,YES,1,6,2
860,Xerox 1968,1003,6.68,YES,1,4,2
861,Hon Deluxe Fabric Upholstered Stacking Chairs,1614,243.98,YES,3,13,1
862,StarTAC 7797,1232,115.99,YES,2,2,2
863,Kensington 6 Outlet MasterPiece� HOMEOFFICE Power Control Center,1762,90.24,YES,1,1,2
864,Xerox 207,3902,6.48,YES,1,4,2
865,O'Sullivan Cherrywood Estates Traditional Barrister Bookcase,72,137.48,YES,3,8,6
866,Xerox 231,8105,6.48,YES,1,4,2
867,Space Solutions� Industrial Galvanized Steel Shelving.,7126,78.8,YES,1,14,7
868,Staples Surge Protector 6 outlet,3648,10.98,YES,1,1,2
869,Kensington 6 Outlet SmartSocket Surge Protector,8753,40.98,YES,1,1,2
870,Ibico EPK-21 Electric Binding System,988,1889.99,YES,1,6,2
871,Avery 511,3209,3.08,YES,1,9,2
872,Xerox 215,7331,6.48,YES,1,4,2
873,Fellowes Mighty 8 Compact Surge Protector,1067,20.27,YES,1,1,2
874,Xerox 1998,5753,6.48,YES,1,4,2
875,"Adams ""While You Were Out"" Message Pads",5144,3.14,YES,1,4,5
876,Fellowes Officeware� Wire Shelving,2941,89.83,YES,1,14,7
877,Economy Rollaway Files,372,165.2,YES,1,14,2
878,Alliance Rubber Bands,7294,1.68,YES,1,5,5
879,Round Specialty Laser Printer Labels,9996,12.53,YES,1,9,2
880,Eldon� 500 Class� Desk Accessories,4505,12.07,YES,3,3,5
881,"Staples 10"" Round Wall Clock",6100,9.74,YES,3,3,2
882,Epson LQ-870 Dot Matrix Printer,3136,535.64,YES,2,16,1
883,Canon F603 Scientific Calculator,6287,9.99,YES,2,16,3
884,Newell 329,9700,3.28,YES,1,10,5
885,Fellowes Bankers Box� Stor/Drawer� Steel Plus�,4325,31.98,YES,1,14,2
886,Xerox 195,635,6.68,YES,1,4,2
887,Eldon Advantage� Foldable Chair Mats for Low Pile Carpets,5474,54.2,YES,3,3,3
888,Xerox 1954,5225,5.28,YES,1,4,2
889,V2397,2464,125.99,YES,2,2,2
890,Epson FX-980 Dot Matrix Printer,5017,400.97,YES,2,16,1
891,Soundgear TeleForum DX Desktop Conference Phone,4654,96.45,YES,2,16,3
892,i270,5837,65.99,YES,2,2,2
893,Steel Personal Filing/Posting Tote,8684,35.51,YES,1,14,2
894,JM Magazine Binder,7513,16.51,YES,1,6,2
895,Xerox 1926,6320,4.98,YES,1,4,2
896,Smead Alpha-Z Color-Coded Name Labels First Letter Starter Set,3519,3.75,YES,1,9,2
897,Luxo Adjustable Task Clamp Lamp,511,88.84,YES,3,3,7
898,Sanford Pocket Accent� Highlighters,751,1.6,YES,1,10,5
899,Contemporary Wood/Metal Frame,8344,16.16,YES,3,3,2
900,Advantus Panel Wall Acrylic Frame,9473,5.47,YES,3,3,4
901,Avery 516,6531,7.31,YES,1,9,2
902,Newell 332,6412,2.94,YES,1,10,5
903,Acco 3-Hole Punch,6921,4.38,YES,1,6,2
904,Fellowes 8 Outlet Superior Workstation Surge Protector w/o Phone/Fax/Modem Protection,9976,33.62,YES,1,1,2
905,GBC ProClick Punch Binding System,9366,63.98,YES,1,6,2
906,GBC Poly Designer Binding Covers,3611,16.74,YES,1,6,2
907,Southworth Structures Collection�,5189,7.28,YES,1,4,2
908,Wilson Jones Custom Binder Spines & Labels,9553,5.44,YES,1,6,2
909,Epson FX-2180 Wide Format Dot Matrix Printer,6240,596.98,YES,2,16,1
910,Xerox 1988,7261,30.98,YES,1,4,2
911,Hewlett Packard 6S Scientific Calculator,7376,12.99,YES,2,16,3
912,Newell 308,7613,1.68,YES,1,10,5
913,Wilson Jones Suede Grain Vinyl Binders,8512,2.78,YES,1,6,2
914,Honeywell Enviracaire� Portable HEPA Air Cleaner for up to 10 x 16 Room,5272,123.38,YES,1,1,7
915,Kensington 4 Outlet MasterPiece� Compact Power Control Center,4904,81.32,YES,1,1,2
916,Xerox 223,8466,6.48,YES,1,4,2
917,Stanley Bostitch Contemporary Electric Pencil Sharpeners,4796,16.98,YES,1,10,4
918,5170i,2059,125.99,YES,2,2,2
919,Desktop 3-Pocket Hot File�,9629,54.1,YES,1,14,2
920,Lexmark 4227 Plus Dot Matrix Printer,9500,2036.48,YES,2,16,1
921,6162,2618,125.99,YES,2,2,2
922,Avery 482,1817,2.89,YES,1,9,2
923,Xerox 1972,1089,5.28,YES,1,4,2
924,Sterilite Officeware Hinged File Box,3745,10.48,YES,1,14,2
925,Xerox 1883,6386,26.38,YES,1,4,2
926,Belkin OmniView SE Rackmount Kit,7501,35.48,YES,1,14,7
927,iDEN i550,8546,205.99,YES,2,2,2
928,DAX Wood Document Frame,3577,13.73,YES,3,3,4
929,Okidata Pacemark 4410N Wide Format Dot Matrix Printer,9468,3502.14,YES,2,16,6
930,R289LX,1633,95.99,YES,2,2,2
931,AT&T 1430 2.4GHz Analog Phone w/Caller ID,2425,40.99,YES,2,16,2
932,UniKeep� View Case Binders,9584,4.89,YES,1,6,2
933,Logitech Cordless Keyboard,8952,34.99,YES,2,12,2
934,V66,500,115.99,YES,2,2,2
935,Advantus Plastic Paper Clips,7837,5,YES,1,5,5
936,O'Sullivan 4-Shelf Bookcase in Odessa Pine,9648,120.98,YES,3,8,6
937,Novimex High-Tech Fabric Mesh Task Chair,6223,70.98,YES,3,13,1
938,Xerox 209,6266,6.48,YES,1,4,2
